{
  "children":[
    {
        "first":"Ila",
        "last":"Noel",
        "email":"ante.ipsum@Sedmalesuada.ca",
        "address":"",
        "city":"",
        "state":"",
        "birthday":"Tue, 16 Oct 1979 04:27:45 -0700"
    },
    {
        "first":"Anthony",
        "last":"Stewart",
        "email":"nibh.Quisque@semperpretium.edu",
        "address":"",
        "city":"Grimsby",
        "state":"PA",
        "zip":10470,
        "birthday":"Mon, 26 Nov 1984 18:54:56 -0800"
    },
    {
        "first":"Kelly",
        "last":"Cameron",
        "email":"Etiam@et.org",
        "address":"396-4239 Quisque Road",
        "city":"Lawton",
        "state":"Vermont",
        "zip":30117,
        "birthday":"Tue, 04 Oct 1977 20:32:01 -0700"
    },
    {
        "first":"Reagan",
        "last":"Singleton",
        "email":"egestas@dolor.net",
        "address":"284-4621 Ligula. Ave",
        "city":"Blairgowrie",
        "state":"PA",
        "zip":92305,
        "birthday":"Wed, 09 Feb 1972 02:05:11 -0800"
    },
    {
        "first":"Nelle",
        "last":"Barron",
        "email":"Cras.vulputate@cursus.net",
        "address":"888-5533 Natoque Avenue",
        "city":"Overland Park",
        "state":"Nevada",
        "zip":54776,
        "birthday":"Wed, 14 Sep 1977 12:25:56 -0700"
    },
    {
        "first":"Bert",
        "last":"Jensen",
        "email":"placerat@mollisPhaselluslibero.co.uk",
        "address":"P.O. Box 778, 5745 Accumsan Ave",
        "city":"Dingwall",
        "state":"MT",
        "zip":22003,
        "birthday":"Mon, 08 Sep 1969 08:58:36 -0700"
    },
    {
        "first":"Belle",
        "last":"Hampton",
        "email":"quis.accumsan.convallis@utnisi.net",
        "address":"P.O. Box 827, 6982 Ultrices Rd.",
        "city":"Wolverhampton",
        "state":"ME",
        "zip":3927,
        "birthday":"Mon, 08 Jun 1981 12:16:05 -0700"
    },
    {
        "first":"Chadwick",
        "last":"Johns",
        "email":"Aliquam.adipiscing.lobortis@nibh.edu",
        "address":"P.O. Box 290, 3414 Sociis Rd.",
        "city":"Bousval",
        "state":"NC",
        "zip":81447,
        "birthday":"Tue, 10 May 1977 15:17:59 -0700"
    },
    {
        "first":"Dorothy",
        "last":"Palmer",
        "email":"dignissim.pharetra@eget.com",
        "address":"P.O. Box 784, 8818 Fringilla Avenue",
        "city":"Swansea",
        "state":"WI",
        "zip":46366,
        "birthday":"Fri, 26 Jan 1973 22:04:57 -0800"
    },
    {
        "first":"Cameron",
        "last":"Henry",
        "email":"ligula@sit.net",
        "address":"Ap #931-2796 Interdum St.",
        "city":"Lithgow",
        "state":"Iowa",
        "zip":12475,
        "birthday":"Fri, 17 Aug 1973 10:42:05 -0700"
    },
    {
        "first":"Boris",
        "last":"Phelps",
        "email":"congue.a.aliquet@doloregestas.net",
        "address":"552-1263 Neque Avenue",
        "city":"Terneuzen",
        "state":"Connecticut",
        "zip":9512,
        "birthday":"Fri, 11 Aug 1989 16:14:37 -0700"
    },
    {
        "first":"Freya",
        "last":"Strickland",
        "email":"non.magna@ornarelectusante.org",
        "address":"P.O. Box 916, 807 Venenatis Rd.",
        "city":"Hoofddorp",
        "state":"Pennsylvania",
        "zip":57754,
        "birthday":"Thu, 03 Dec 1970 08:24:42 -0800"
    },
    {
        "first":"Hyatt",
        "last":"Curtis",
        "email":"lorem.eu@idblanditat.net",
        "address":"P.O. Box 392, 7872 In, Avenue",
        "city":"St. Albans",
        "state":"California",
        "zip":84065,
        "birthday":"Mon, 08 Dec 1975 06:01:33 -0800"
    },
    {
        "first":"Georgia",
        "last":"Whitley",
        "email":"augue.eu@enim.org",
        "address":"787-609 Justo. Ave",
        "city":"Ramsey",
        "state":"Wyoming",
        "zip":78916,
        "birthday":"Sun, 02 Apr 1989 07:09:27 -0700"
    },
    {
        "first":"Omar",
        "last":"Sanford",
        "email":"Duis.sit@arcuac.net",
        "address":"Ap #123-1993 Lorem, Rd.",
        "city":"Wichita",
        "state":"Kansas",
        "zip":35006,
        "birthday":"Tue, 06 Sep 1983 00:20:34 -0700"
    },
    {
        "first":"Kellie",
        "last":"Martin",
        "email":"sed.hendrerit.a@pedeCras.org",
        "address":"205-9225 Volutpat. Street",
        "city":"Huntley",
        "state":"IN",
        "zip":43172,
        "birthday":"Sun, 17 May 1987 07:48:34 -0700"
    },
    {
        "first":"Rogan",
        "last":"Macdonald",
        "email":"aliquet.nec.imperdiet@cursus.edu",
        "address":"Ap #738-880 Arcu. Rd.",
        "city":"Bridlington",
        "state":"Mississippi",
        "zip":76364,
        "birthday":"Wed, 02 Oct 1985 04:57:48 -0700"
    },
    {
        "first":"Shelly",
        "last":"Sargent",
        "email":"dolor.Fusce.feugiat@arcuVestibulum.ca",
        "address":"100-8009 Libero. Rd.",
        "city":"Springfield",
        "state":"CA",
        "zip":82439,
        "birthday":"Tue, 10 Jul 1979 12:28:45 -0700"
    },
    {
        "first":"Alec",
        "last":"Benton",
        "email":"et.netus.et@sociisnatoquepenatibus.com",
        "address":"P.O. Box 502, 3740 Venenatis Ave",
        "city":"Cowdenbeath",
        "state":"South Dakota",
        "zip":25963,
        "birthday":"Fri, 29 Dec 1961 23:02:04 -0800"
    },
    {
        "first":"Beau",
        "last":"Mcintyre",
        "email":"Quisque@Vivamussitamet.net",
        "address":"810-5152 Mi Rd.",
        "city":"Sromness",
        "state":"MI",
        "zip":32131,
        "birthday":"Sun, 20 Oct 1968 19:30:22 -0700"
    },
    {
        "first":"Ava",
        "last":"Willis",
        "email":"non@consequatauctor.ca",
        "address":"P.O. Box 460, 9631 Montes, Street",
        "city":"Houston",
        "state":"Iowa",
        "zip":60908,
        "birthday":"Sat, 01 Apr 1989 22:37:07 -0800"
    },
    {
        "first":"Reese",
        "last":"Schmidt",
        "email":"magna.Praesent@nequetellusimperdiet.com",
        "address":"6617 Dis Street",
        "city":"Welshpool",
        "state":"Wisconsin",
        "zip":50035,
        "birthday":"Sun, 25 Feb 1973 18:30:19 -0800"
    },
    {
        "first":"Erica",
        "last":"Robertson",
        "email":"turpis.In.condimentum@etmalesuada.org",
        "address":"Ap #325-9702 Mollis. Road",
        "city":"Anderlecht",
        "state":"California",
        "zip":96637,
        "birthday":"Sat, 24 Feb 1979 15:10:48 -0800"
    },
    {
        "first":"Cruz",
        "last":"Calderon",
        "email":"risus.Nunc.ac@nequeNullamut.org",
        "address":"Ap #453-8359 Volutpat. Rd.",
        "city":"Tampa",
        "state":"Arizona",
        "zip":28376,
        "birthday":"Wed, 12 Mar 1986 12:14:00 -0800"
    },
    {
        "first":"Zenia",
        "last":"Dickerson",
        "email":"tempor.augue.ac@euismodurna.co.uk",
        "address":"139-4055 A, Avenue",
        "city":"Fayetteville",
        "state":"WY",
        "zip":47695,
        "birthday":"Wed, 05 Feb 1964 15:10:30 -0800"
    },
    {
        "first":"Roth",
        "last":"Franklin",
        "email":"magna.Suspendisse.tristique@Phasellusdapibus.com",
        "address":"795-9293 Vel Ave",
        "city":"Jedburgh",
        "state":"MO",
        "zip":1616,
        "birthday":"Mon, 30 Apr 1973 06:43:40 -0700"
    },
    {
        "first":"Hadley",
        "last":"Morton",
        "email":"malesuada@in.edu",
        "address":"4981 Diam Rd.",
        "city":"New Quay",
        "state":"Oklahoma",
        "zip":63209,
        "birthday":"Tue, 21 May 1968 06:07:37 -0700"
    },
    {
        "first":"Maxwell",
        "last":"Maldonado",
        "email":"pede@CraspellentesqueSed.ca",
        "address":"Ap #813-790 Eu Ave",
        "city":"Bonavista",
        "state":"AZ",
        "zip":90504,
        "birthday":"Sun, 02 Apr 1961 03:31:17 -0800"
    },
    {
        "first":"Timon",
        "last":"Scott",
        "email":"aliquet.vel.vulputate@nibhdolor.net",
        "address":"685-3189 Proin Ave",
        "city":"Rapid City",
        "state":"West Virginia",
        "zip":90863,
        "birthday":"Wed, 24 Apr 1974 08:44:45 -0700"
    },
    {
        "first":"Lysandra",
        "last":"Duke",
        "email":"in@ridiculusmus.edu",
        "address":"168-1811 Amet Avenue",
        "city":"Metairie",
        "state":"Tennessee",
        "zip":39017,
        "birthday":"Fri, 13 Sep 1968 10:52:48 -0700"
    },
    {
        "first":"Karleigh",
        "last":"Sawyer",
        "email":"dui.Cum@adipiscing.org",
        "address":"6508 Ut Street",
        "city":"Milwaukee",
        "state":"MN",
        "zip":70288,
        "birthday":"Mon, 19 Feb 1968 06:54:37 -0800"
    },
    {
        "first":"Byron",
        "last":"Mills",
        "email":"vitae@nislNulla.com",
        "address":"P.O. Box 385, 9809 Et, Avenue",
        "city":"Philadelphia",
        "state":"Pennsylvania",
        "zip":92220,
        "birthday":"Mon, 03 May 1965 09:42:17 -0700"
    },
    {
        "first":"Serena",
        "last":"Downs",
        "email":"tristique@velvulputate.co.uk",
        "address":"8390 Felis, Rd.",
        "city":"Ellesmere Port",
        "state":"AK",
        "zip":3277,
        "birthday":"Wed, 12 Sep 1984 03:02:14 -0700"
    },
    {
        "first":"Otto",
        "last":"Crosby",
        "email":"feugiat@Morbiaccumsan.edu",
        "address":"Ap #373-6740 Hendrerit Street",
        "city":"Delfzijl",
        "state":"AK",
        "zip":54703,
        "birthday":"Tue, 03 Feb 1987 13:03:25 -0800"
    },
    {
        "first":"Brynn",
        "last":"Smith",
        "email":"nec@ligula.com",
        "address":"441-850 Senectus Avenue",
        "city":"Madison",
        "state":"North Dakota",
        "zip":9813,
        "birthday":"Fri, 07 Jul 1967 09:52:49 -0700"
    },
    {
        "first":"Katelyn",
        "last":"Dalton",
        "email":"Duis@porttitoreros.ca",
        "address":"928-5270 Non, Avenue",
        "city":"Midlands",
        "state":"Tennessee",
        "zip":8412,
        "birthday":"Thu, 16 Mar 1978 01:38:17 -0800"
    },
    {
        "first":"Nayda",
        "last":"Matthews",
        "email":"placerat.velit.Quisque@faucibus.org",
        "address":"Ap #525-2613 Sed Ave",
        "city":"Feschaux",
        "state":"FL",
        "zip":97009,
        "birthday":"Tue, 05 Apr 1966 20:33:23 -0800"
    },
    {
        "first":"Cassidy",
        "last":"Henderson",
        "email":"risus.Donec.egestas@liberoDonec.org",
        "address":"2542 Sodales Ave",
        "city":"Hawick",
        "state":"NC",
        "zip":42823,
        "birthday":"Mon, 14 Jun 1982 22:51:05 -0700"
    },
    {
        "first":"Dahlia",
        "last":"Whitehead",
        "email":"in.dolor@lectussit.com",
        "address":"Ap #499-4880 Ornare, Ave",
        "city":"Burnie",
        "state":"AL",
        "zip":88124,
        "birthday":"Wed, 18 Jan 1984 22:15:48 -0800"
    },
    {
        "first":"Jenette",
        "last":"Pollard",
        "email":"mi.ac.mattis@Fuscedolor.ca",
        "address":"807-5681 Tincidunt Road",
        "city":"Springdale",
        "state":"ID",
        "zip":25917,
        "birthday":"Sat, 28 Aug 1982 16:01:09 -0700"
    },
    {
        "first":"Hammett",
        "last":"Durham",
        "email":"metus.eu@eleifend.ca",
        "address":"P.O. Box 878, 1879 Sit Street",
        "city":"Bridgeport",
        "state":"CO",
        "zip":75692,
        "birthday":"Sun, 07 Mar 1971 19:48:30 -0800"
    },
    {
        "first":"Quynn",
        "last":"Duncan",
        "email":"et@rhoncus.co.uk",
        "address":"P.O. Box 341, 7514 In Rd.",
        "city":"Aberdeen",
        "state":"Iowa",
        "zip":94110,
        "birthday":"Sat, 13 Oct 1962 16:09:29 -0700"
    },
    {
        "first":"Fitzgerald",
        "last":"Stanton",
        "email":"dolor.tempus.non@eulacusQuisque.org",
        "address":"P.O. Box 976, 6584 Natoque Road",
        "city":"Sint-Huibrechts-Lille",
        "state":"Maryland",
        "zip":21595,
        "birthday":"Mon, 21 Aug 1967 02:04:03 -0700"
    },
    {
        "first":"Oleg",
        "last":"Gardner",
        "email":"tellus.Suspendisse@Fusce.com",
        "address":"8675 Enim. St.",
        "city":"Builth Wells",
        "state":"HI",
        "zip":3829,
        "birthday":"Fri, 11 Nov 1960 22:13:15 -0800"
    },
    {
        "first":"Rebecca",
        "last":"Carr",
        "email":"odio@nulla.ca",
        "address":"P.O. Box 669, 4087 Tincidunt Road",
        "city":"Hexham",
        "state":"Alabama",
        "zip":83428,
        "birthday":"Tue, 11 Oct 1977 16:29:41 -0700"
    },
    {
        "first":"Peter",
        "last":"Hughes",
        "email":"Sed.malesuada@Curabitur.net",
        "address":"P.O. Box 641, 6661 Neque Rd.",
        "city":"Kailua",
        "state":"OK",
        "zip":61108,
        "birthday":"Tue, 05 Aug 1986 09:08:42 -0700"
    },
    {
        "first":"Sydney",
        "last":"Santiago",
        "email":"non.cursus@cubilia.edu",
        "address":"P.O. Box 928, 430 Nam Av.",
        "city":"Fayetteville",
        "state":"NJ",
        "zip":21665,
        "birthday":"Mon, 01 Nov 1965 04:31:44 -0800"
    },
    {
        "first":"Cyrus",
        "last":"Neal",
        "email":"pede@vitae.com",
        "address":"Ap #774-1081 Interdum St.",
        "city":"Matlock",
        "state":"Alaska",
        "zip":39607,
        "birthday":"Mon, 02 Feb 1987 20:25:55 -0800"
    },
    {
        "first":"Ria",
        "last":"Hughes",
        "email":"Nullam@mauriseu.net",
        "address":"6801 Quam Rd.",
        "city":"Erquelinnes",
        "state":"Georgia",
        "zip":66141,
        "birthday":"Wed, 10 Feb 1988 19:50:28 -0800"
    },
    {
        "first":"Zephania",
        "last":"Madden",
        "email":"odio.Phasellus@nisi.edu",
        "address":"P.O. Box 973, 8119 Amet Rd.",
        "city":"Llandrindod Wells",
        "state":"WV",
        "zip":55827,
        "birthday":"Fri, 02 Jun 1978 21:02:05 -0700"
    },
    {
        "first":"Illiana",
        "last":"Hoover",
        "email":"leo.Vivamus.nibh@Curabitursedtortor.edu",
        "address":"1237 Luctus, Road",
        "city":"Hay-on-Wye",
        "state":"Colorado",
        "zip":88252,
        "birthday":"Sun, 02 Dec 1984 01:32:33 -0800"
    },
    {
        "first":"Hyatt",
        "last":"Sampson",
        "email":"sed.sapien@sempereratin.org",
        "address":"Ap #632-6741 Mi Ave",
        "city":"Stratford",
        "state":"FL",
        "zip":90060,
        "birthday":"Sun, 19 Jan 1969 12:58:43 -0800"
    },
    {
        "first":"Herman",
        "last":"Oliver",
        "email":"metus@habitantmorbitristique.edu",
        "address":"Ap #123-9774 Suspendisse St.",
        "city":"Waterbury",
        "state":"OK",
        "zip":25293,
        "birthday":"Thu, 15 Oct 1987 07:06:34 -0700"
    },
    {
        "first":"Xaviera",
        "last":"Cummings",
        "email":"vulputate.dui@Proinvelit.co.uk",
        "address":"Ap #401-4794 Non Rd.",
        "city":"Croix-lez-Rouveroy",
        "state":"South Carolina",
        "zip":64711,
        "birthday":"Thu, 16 Feb 1978 04:08:15 -0800"
    },
    {
        "first":"Zachery",
        "last":"Mckee",
        "email":"ante.dictum@dictumultricies.co.uk",
        "address":"568-6533 Rhoncus Street",
        "city":"Pawtucket",
        "state":"NM",
        "zip":38684,
        "birthday":"Wed, 05 Aug 1981 21:13:45 -0700"
    },
    {
        "first":"Brielle",
        "last":"Lindsay",
        "email":"ante@Integervulputaterisus.org",
        "address":"P.O. Box 556, 6039 Amet St.",
        "city":"Thurso",
        "state":"OK",
        "zip":54737,
        "birthday":"Tue, 24 Nov 1970 12:44:17 -0800"
    },
    {
        "first":"Colin",
        "last":"George",
        "email":"id@purusgravida.org",
        "address":"Ap #662-7816 Nulla. Rd.",
        "city":"Grafton",
        "state":"Utah",
        "zip":28765,
        "birthday":"Tue, 11 Nov 1980 15:16:32 -0800"
    },
    {
        "first":"Barclay",
        "last":"Benson",
        "email":"eu@massarutrummagna.org",
        "address":"521 Pede Street",
        "city":"Middlesbrough",
        "state":"WY",
        "zip":46209,
        "birthday":"Tue, 01 Sep 1987 03:55:24 -0700"
    },
    {
        "first":"Phoebe",
        "last":"Shepherd",
        "email":"Vestibulum.ante@nonhendrerit.ca",
        "address":"9731 Est St.",
        "city":"Worksop",
        "state":"NV",
        "zip":1512,
        "birthday":"Wed, 09 Apr 1986 18:03:06 -0800"
    },
    {
        "first":"Jolie",
        "last":"Woods",
        "email":"pulvinar@Pellentesque.edu",
        "address":"P.O. Box 630, 1930 Ipsum Avenue",
        "city":"Penzance",
        "state":"Michigan",
        "zip":61275,
        "birthday":"Wed, 03 Oct 1973 09:30:56 -0700"
    },
    {
        "first":"Wyoming",
        "last":"Mccarty",
        "email":"Aliquam@facilisismagna.org",
        "address":"P.O. Box 451, 8563 Metus. Rd.",
        "city":"Sacramento",
        "state":"Minnesota",
        "zip":54846,
        "birthday":"Sat, 26 Apr 1980 23:33:17 -0800"
    },
    {
        "first":"Bell",
        "last":"Newton",
        "email":"sed.pede.nec@eueleifend.edu",
        "address":"P.O. Box 939, 9050 Cursus Rd.",
        "city":"Galashiels",
        "state":"AL",
        "zip":48635,
        "birthday":"Sat, 18 Mar 1978 21:12:32 -0800"
    },
    {
        "first":"Jared",
        "last":"Whitaker",
        "email":"sapien.molestie@NullamnislMaecenas.com",
        "address":"P.O. Box 125, 8751 Lorem Road",
        "city":"St. Albans",
        "state":"New Hampshire",
        "zip":80985,
        "birthday":"Mon, 18 Sep 1989 20:19:32 -0700"
    },
    {
        "first":"Zia",
        "last":"Hatfield",
        "email":"egestas.Duis.ac@atsemmolestie.net",
        "address":"7517 Sem Street",
        "city":"Lowestoft",
        "state":"CT",
        "zip":94399,
        "birthday":"Fri, 17 Nov 1967 04:23:47 -0800"
    },
    {
        "first":"Hanae",
        "last":"Sargent",
        "email":"elit@accumsaninterdumlibero.com",
        "address":"P.O. Box 827, 5999 Luctus Av.",
        "city":"Kingussie",
        "state":"NM",
        "zip":94914,
        "birthday":"Sat, 17 Jan 1987 05:02:33 -0800"
    },
    {
        "first":"Jael",
        "last":"Romero",
        "email":"adipiscing@egetmollislectus.org",
        "address":"Ap #918-9180 Libero Street",
        "city":"Den Helder",
        "state":"SD",
        "zip":30172,
        "birthday":"Mon, 16 May 1977 17:58:47 -0700"
    },
    {
        "first":"Linda",
        "last":"Pace",
        "email":"accumsan.convallis@Nunclectuspede.com",
        "address":"Ap #305-6872 Egestas. Av.",
        "city":"Bridgend",
        "state":"OK",
        "zip":595,
        "birthday":"Sat, 18 Jun 1977 04:58:08 -0700"
    },
    {
        "first":"Reese",
        "last":"Stark",
        "email":"Proin.vel@risus.co.uk",
        "address":"P.O. Box 348, 4662 Pede. Rd.",
        "city":"Rae-Edzo",
        "state":"Utah",
        "zip":8665,
        "birthday":"Thu, 13 Jan 1966 20:12:15 -0800"
    },
    {
        "first":"Wyatt",
        "last":"Thompson",
        "email":"arcu.et@ultricesiaculis.co.uk",
        "address":"P.O. Box 837, 855 Mauris. St.",
        "city":"Eugene",
        "state":"New Jersey",
        "zip":96106,
        "birthday":"Fri, 30 Jun 1961 19:27:00 -0700"
    },
    {
        "first":"Erich",
        "last":"Massey",
        "email":"mattis@a.net",
        "address":"5463 Dictum St.",
        "city":"Retford",
        "state":"KY",
        "zip":76920,
        "birthday":"Sun, 24 Dec 1989 19:27:23 -0800"
    },
    {
        "first":"Regan",
        "last":"House",
        "email":"justo.faucibus.lectus@penatibusetmagnis.net",
        "address":"330-4085 Tincidunt Rd.",
        "city":"Jacksonville",
        "state":"Idaho",
        "zip":83232,
        "birthday":"Sat, 21 Apr 1979 05:09:16 -0800"
    },
    {
        "first":"Paki",
        "last":"Graves",
        "email":"gravida.molestie.arcu@apurusDuis.com",
        "address":"P.O. Box 767, 4589 Nam Street",
        "city":"New Haven",
        "state":"North Dakota",
        "zip":23936,
        "birthday":"Mon, 27 Aug 1962 09:02:17 -0700"
    },
    {
        "first":"Blythe",
        "last":"Jordan",
        "email":"Morbi.accumsan@Duisvolutpat.co.uk",
        "address":"298-559 Nullam Av.",
        "city":"Chesterfield",
        "state":"New Jersey",
        "zip":90308,
        "birthday":"Tue, 06 Feb 1973 01:24:09 -0800"
    },
    {
        "first":"Gregory",
        "last":"Burnett",
        "email":"sem.elit@ac.edu",
        "address":"294 Blandit St.",
        "city":"Innerleithen",
        "state":"Hawaii",
        "zip":81580,
        "birthday":"Tue, 15 Dec 1964 19:31:07 -0800"
    },
    {
        "first":"Finn",
        "last":"Cunningham",
        "email":"augue.id@NulladignissimMaecenas.co.uk",
        "address":"122-1946 Massa Ave",
        "city":"Dundee",
        "state":"TX",
        "zip":30145,
        "birthday":"Mon, 31 Jul 1972 04:42:14 -0700"
    },
    {
        "first":"Lars",
        "last":"Winters",
        "email":"Nullam.nisl.Maecenas@Vivamuseuismod.ca",
        "address":"Ap #642-2497 Nec Av.",
        "city":"St. John\"s",
        "state":"NC",
        "zip":89357,
        "birthday":"Wed, 06 Oct 1971 18:45:44 -0700"
    },
    {
        "first":"Bethany",
        "last":"Collins",
        "email":"est.mauris.rhoncus@Curae;Donectincidunt.org",
        "address":"P.O. Box 847, 2400 Fringilla St.",
        "city":"Darlington",
        "state":"ID",
        "zip":73245,
        "birthday":"Sun, 17 Dec 1967 10:08:28 -0800"
    },
    {
        "first":"Alana",
        "last":"Olsen",
        "email":"Sed.nulla.ante@dictum.ca",
        "address":"P.O. Box 510, 6239 Lobortis Avenue",
        "city":"Thurso",
        "state":"Nevada",
        "zip":28775,
        "birthday":"Tue, 08 Mar 1977 04:23:28 -0800"
    },
    {
        "first":"Martha",
        "last":"Holland",
        "email":"vulputate.dui.nec@adui.ca",
        "address":"Ap #724-3297 Velit. Street",
        "city":"Telford",
        "state":"South Carolina",
        "zip":57709,
        "birthday":"Tue, 12 Jul 1988 22:35:59 -0700"
    },
    {
        "first":"Lavinia",
        "last":"Yates",
        "email":"posuere.cubilia.Curae;@pedeultrices.net",
        "address":"652-3985 Convallis St.",
        "city":"Cheyenne",
        "state":"AK",
        "zip":69259,
        "birthday":"Wed, 24 Jul 1985 18:25:49 -0700"
    },
    {
        "first":"Edan",
        "last":"Hardin",
        "email":"mi.lorem.vehicula@dictumeleifend.com",
        "address":"P.O. Box 909, 7283 Eu, Av.",
        "city":"Forres",
        "state":"OH",
        "zip":34982,
        "birthday":"Tue, 08 Jan 1963 10:37:10 -0800"
    },
    {
        "first":"Claudia",
        "last":"Jordan",
        "email":"ac@Namnulla.com",
        "address":"P.O. Box 134, 6331 Placerat. Street",
        "city":"Kakisa",
        "state":"CA",
        "zip":71857,
        "birthday":"Sat, 01 Feb 1969 10:51:45 -0800"
    },
    {
        "first":"Lillian",
        "last":"Prince",
        "email":"Cras@sedtortorInteger.org",
        "address":"Ap #648-4348 Dictum St.",
        "city":"Helena",
        "state":"Delaware",
        "zip":83116,
        "birthday":"Mon, 08 Jan 1979 19:59:16 -0800"
    },
    {
        "first":"Lesley",
        "last":"Holder",
        "email":"magnis.dis.parturient@Maurisnulla.co.uk",
        "address":"Ap #549-5126 Non, Street",
        "city":"Basildon",
        "state":"Idaho",
        "zip":50622,
        "birthday":"Tue, 20 Feb 1962 02:48:35 -0800"
    },
    {
        "first":"Lars",
        "last":"Craft",
        "email":"Duis.dignissim.tempor@nisi.org",
        "address":"Ap #694-8552 Nibh. Ave",
        "city":"Montgomery",
        "state":"ME",
        "zip":86486,
        "birthday":"Wed, 24 Oct 1973 07:04:16 -0700"
    },
    {
        "first":"Shelly",
        "last":"Macdonald",
        "email":"eu.placerat.eget@malesuada.net",
        "address":"7560 Nunc Rd.",
        "city":"Cape Breton Island",
        "state":"HI",
        "zip":9913,
        "birthday":"Sat, 24 Oct 1987 19:08:13 -0700"
    },
    {
        "first":"Indira",
        "last":"Dillon",
        "email":"enim@tempordiamdictum.ca",
        "address":"1480 Lacus. Ave",
        "city":"Oxford",
        "state":"New Jersey",
        "zip":72988,
        "birthday":"Tue, 25 May 1982 13:51:21 -0700"
    },
    {
        "first":"Kermit",
        "last":"Vance",
        "email":"egestas.blandit@sempererat.edu",
        "address":"P.O. Box 500, 320 Blandit St.",
        "city":"Stoke-on-Trent",
        "state":"Missouri",
        "zip":35495,
        "birthday":"Sat, 01 Jul 1978 06:50:28 -0700"
    },
    {
        "first":"Iola",
        "last":"Harrington",
        "email":"auctor@QuisquevariusNam.net",
        "address":"778-2383 Vitae Street",
        "city":"Santa Fe",
        "state":"RI",
        "zip":10293,
        "birthday":"Mon, 01 Apr 1968 17:20:31 -0800"
    },
    {
        "first":"Stephen",
        "last":"Osborn",
        "email":"nisl.elementum@magnisdisparturient.org",
        "address":"Ap #793-4327 Sed St.",
        "city":"Merritt",
        "state":"Montana",
        "zip":17144,
        "birthday":"Sun, 23 Jan 1983 04:57:39 -0800"
    },
    {
        "first":"Xandra",
        "last":"Parrish",
        "email":"Ut@quamquisdiam.net",
        "address":"895-5435 Facilisis Road",
        "city":"Banff",
        "state":"IA",
        "zip":43773,
        "birthday":"Tue, 15 May 1973 09:31:31 -0700"
    },
    {
        "first":"Dominic",
        "last":"Stout",
        "email":"sit@penatibuset.com",
        "address":"Ap #150-325 Mus. Av.",
        "city":"Purmerend",
        "state":"MA",
        "zip":54567,
        "birthday":"Sat, 18 Jan 1975 05:35:19 -0800"
    },
    {
        "first":"Merritt",
        "last":"Newton",
        "email":"ornare@magnaSedeu.co.uk",
        "address":"Ap #555-3164 At, Rd.",
        "city":"Barnstaple",
        "state":"FL",
        "zip":8094,
        "birthday":"Mon, 26 Mar 1973 03:07:53 -0800"
    },
    {
        "first":"Cassidy",
        "last":"Norman",
        "email":"nulla.Integer.vulputate@Craseutellus.co.uk",
        "address":"Ap #543-7711 Faucibus Street",
        "city":"Haverhill",
        "state":"Illinois",
        "zip":26584,
        "birthday":"Sat, 07 Mar 1987 13:28:50 -0800"
    },
    {
        "first":"Simone",
        "last":"Hicks",
        "email":"ornare.sagittis.felis@tellusimperdiet.ca",
        "address":"552-4799 Lorem Av.",
        "city":"King\"s Lynn",
        "state":"Massachusetts",
        "zip":93131,
        "birthday":"Tue, 14 Oct 1986 07:27:59 -0700"
    },
    {
        "first":"Victoria",
        "last":"Atkinson",
        "email":"adipiscing.enim.mi@Suspendissecommodotincidunt.edu",
        "address":"5466 Laoreet, Ave",
        "city":"Kaneohe",
        "state":"Florida",
        "zip":65961,
        "birthday":"Tue, 08 Nov 1983 19:16:26 -0800"
    },
    {
        "first":"Baxter",
        "last":"Paul",
        "email":"In@tristique.co.uk",
        "address":"429-2531 Magna. Road",
        "city":"Sioux Falls",
        "state":"IN",
        "zip":76063,
        "birthday":"Sun, 18 Apr 1965 13:59:23 -0800"
    },
    {
        "first":"Wyatt",
        "last":"Bishop",
        "email":"leo.Cras@egettincidunt.edu",
        "address":"Ap #718-8956 Eros. Rd.",
        "city":"Oss",
        "state":"FL",
        "zip":89045,
        "birthday":"Thu, 17 Oct 1974 06:03:51 -0700"
    },
    {
        "first":"Nelle",
        "last":"Sanchez",
        "email":"Nullam.vitae.diam@penatibusetmagnis.com",
        "address":"Ap #401-4028 Litora Rd.",
        "city":"Harlech",
        "state":"AL",
        "zip":45006,
        "birthday":"Mon, 05 Aug 1985 09:42:03 -0700"
    },
    {
        "first":"Fatima",
        "last":"Weaver",
        "email":"Morbi.quis.urna@nonfeugiat.ca",
        "address":"3383 Class St.",
        "city":"Scalloway",
        "state":"Oregon",
        "zip":43297,
        "birthday":"Sat, 17 Sep 1966 22:57:37 -0700"
    },
    {
        "first":"Lucy",
        "last":"Lopez",
        "email":"urna@utnullaCras.ca",
        "address":"P.O. Box 467, 9705 Litora Street",
        "city":"Montpelier",
        "state":"Oregon",
        "zip":94158,
        "birthday":"Tue, 25 Jan 1983 23:12:59 -0800"
    },
    {
        "first":"Donovan",
        "last":"Farley",
        "email":"diam.at.pretium@ProindolorNulla.com",
        "address":"Ap #955-8368 Aliquet Ave",
        "city":"Evere",
        "state":"Arkansas",
        "zip":66200,
        "birthday":"Fri, 09 Dec 1966 22:38:21 -0800"
    },
    {
        "first":"Illiana",
        "last":"Watson",
        "email":"rhoncus.Nullam.velit@tristique.net",
        "address":"Ap #810-351 Id St.",
        "city":"Comblain-au-Pont",
        "state":"WV",
        "zip":86174,
        "birthday":"Wed, 03 Jul 1963 09:42:42 -0700"
    },
    {
        "first":"Buckminster",
        "last":"Lucas",
        "email":"malesuada.vel@ultriciesdignissimlacus.edu",
        "address":"P.O. Box 965, 5012 Eu Rd.",
        "city":"Warwick",
        "state":"KS",
        "zip":87907,
        "birthday":"Wed, 17 Nov 1976 13:06:24 -0800"
    },
    {
        "first":"Madonna",
        "last":"Vance",
        "email":"non@mi.co.uk",
        "address":"7955 Fusce St.",
        "city":"Carson City",
        "state":"MD",
        "zip":51074,
        "birthday":"Fri, 05 Sep 1980 11:04:03 -0700"
    },
    {
        "first":"Abra",
        "last":"Vincent",
        "email":"pellentesque.a.facilisis@maurisblandit.org",
        "address":"6934 Diam Rd.",
        "city":"Wallasey",
        "state":"California",
        "zip":39521,
        "birthday":"Tue, 26 Apr 1983 04:04:16 -0700"
    },
    {
        "first":"Lareina",
        "last":"Bradley",
        "email":"In@temporlorem.ca",
        "address":"P.O. Box 689, 5954 Nunc Av.",
        "city":"St. Neots",
        "state":"Wisconsin",
        "zip":4692,
        "birthday":"Wed, 13 Sep 1967 20:31:41 -0700"
    },
    {
        "first":"Finn",
        "last":"Porter",
        "email":"Nunc.ullamcorper@Donectemporest.co.uk",
        "address":"Ap #550-697 Tristique Ave",
        "city":"Prestatyn",
        "state":"New Hampshire",
        "zip":32855,
        "birthday":"Sun, 01 Jul 1973 20:08:57 -0700"
    },
    {
        "first":"Charissa",
        "last":"Ayala",
        "email":"vestibulum.Mauris@Duisvolutpat.org",
        "address":"Ap #280-2847 Nulla Avenue",
        "city":"Jonesboro",
        "state":"NV",
        "zip":88252,
        "birthday":"Sat, 07 Oct 1961 06:33:34 -0800"
    },
    {
        "first":"Alfreda",
        "last":"Cook",
        "email":"enim.commodo.hendrerit@dolorsitamet.com",
        "address":"2799 Cubilia Street",
        "city":"Leighton Buzzard",
        "state":"Kansas",
        "zip":49798,
        "birthday":"Wed, 01 Apr 1987 10:15:01 -0800"
    },
    {
        "first":"Galena",
        "last":"Padilla",
        "email":"pellentesque.Sed.dictum@telluslorem.edu",
        "address":"5966 Ornare, Rd.",
        "city":"Burntisland",
        "state":"Rhode Island",
        "zip":9084,
        "birthday":"Wed, 27 Sep 1978 11:19:47 -0700"
    },
    {
        "first":"Azalia",
        "last":"Singleton",
        "email":"amet.ultricies.sem@mauris.ca",
        "address":"P.O. Box 306, 3694 Velit. St.",
        "city":"Bicester",
        "state":"Missouri",
        "zip":11360,
        "birthday":"Sun, 26 Dec 1965 06:10:58 -0800"
    },
    {
        "first":"Yolanda",
        "last":"Buckley",
        "email":"lacinia.mattis@mollislectuspede.com",
        "address":"Ap #362-668 Tincidunt, Road",
        "city":"St. Albans",
        "state":"Hawaii",
        "zip":33016,
        "birthday":"Sun, 27 May 1962 15:00:17 -0700"
    },
    {
        "first":"Kennedy",
        "last":"Greer",
        "email":"nec.luctus.felis@montes.org",
        "address":"P.O. Box 620, 6927 Pharetra. Rd.",
        "city":"Pierre",
        "state":"UT",
        "zip":92635,
        "birthday":"Wed, 12 Jul 1989 22:04:53 -0700"
    },
    {
        "first":"Len",
        "last":"Warren",
        "email":"vitae@tempusnon.edu",
        "address":"Ap #422-8350 Est Rd.",
        "city":"Meridian",
        "state":"Arkansas",
        "zip":55418,
        "birthday":"Sat, 10 Jun 1989 22:46:16 -0700"
    },
    {
        "first":"Reed",
        "last":"Pugh",
        "email":"Curabitur@fringilla.edu",
        "address":"Ap #554-8742 Nunc Ave",
        "city":"Overland Park",
        "state":"OK",
        "zip":22442,
        "birthday":"Fri, 25 Sep 1964 09:31:15 -0700"
    },
    {
        "first":"Rebekah",
        "last":"Monroe",
        "email":"Sed@scelerisque.co.uk",
        "address":"Ap #994-7278 Nec Av.",
        "city":"Fargo",
        "state":"RI",
        "zip":42665,
        "birthday":"Tue, 20 Mar 1962 20:48:50 -0800"
    },
    {
        "first":"Jared",
        "last":"Carrillo",
        "email":"urna.Vivamus.molestie@nibhvulputate.ca",
        "address":"3175 Eu Ave",
        "city":"Lutterworth",
        "state":"Montana",
        "zip":5845,
        "birthday":"Sun, 18 Jun 1961 01:16:15 -0700"
    },
    {
        "first":"Destiny",
        "last":"Franklin",
        "email":"nunc.nulla@nonegestasa.com",
        "address":"607-6137 Cum Street",
        "city":"Gretna",
        "state":"Alaska",
        "zip":86338,
        "birthday":"Wed, 09 Oct 1974 09:46:54 -0700"
    },
    {
        "first":"Ivana",
        "last":"Stone",
        "email":"Aenean@CraspellentesqueSed.ca",
        "address":"P.O. Box 321, 3050 Dolor Street",
        "city":"Camborne",
        "state":"Tennessee",
        "zip":75606,
        "birthday":"Fri, 10 Feb 1984 19:56:25 -0800"
    },
    {
        "first":"Chester",
        "last":"Fernandez",
        "email":"dapibus.id.blandit@lacusAliquam.edu",
        "address":"P.O. Box 713, 5305 Diam Road",
        "city":"Marlborough",
        "state":"RI",
        "zip":32902,
        "birthday":"Mon, 14 Oct 1963 01:13:22 -0700"
    },
    {
        "first":"Samantha",
        "last":"Osborne",
        "email":"mauris.erat@atortorNunc.edu",
        "address":"P.O. Box 989, 9088 Eget Rd.",
        "city":"Culemborg",
        "state":"Louisiana",
        "zip":48629,
        "birthday":"Fri, 04 Jan 1974 08:36:48 -0800"
    },
    {
        "first":"Carissa",
        "last":"Manning",
        "email":"nisi@cursusnon.co.uk",
        "address":"745-3482 Interdum Avenue",
        "city":"Springfield",
        "state":"VT",
        "zip":75379,
        "birthday":"Mon, 25 Dec 1961 20:55:40 -0800"
    },
    {
        "first":"Burke",
        "last":"Page",
        "email":"vel.mauris@nuncQuisque.net",
        "address":"8501 Ac, Avenue",
        "city":"Ambleside",
        "state":"ME",
        "zip":59235,
        "birthday":"Mon, 11 Jun 1973 20:42:26 -0700"
    },
    {
        "first":"Whoopi",
        "last":"Hughes",
        "email":"luctus@nibhlacinia.co.uk",
        "address":"2650 Sit St.",
        "city":"Canberra",
        "state":"LA",
        "zip":80026,
        "birthday":"Thu, 23 Mar 1961 07:52:04 -0800"
    },
    {
        "first":"Benedict",
        "last":"Levine",
        "email":"a@musProin.org",
        "address":"P.O. Box 315, 8108 Imperdiet Rd.",
        "city":"Broxburn",
        "state":"Colorado",
        "zip":30245,
        "birthday":"Sun, 22 Oct 1961 06:12:59 -0800"
    },
    {
        "first":"Baker",
        "last":"Schmidt",
        "email":"Etiam.ligula.tortor@nequepellentesque.net",
        "address":"6315 Vehicula Rd.",
        "city":"Keswick",
        "state":"Massachusetts",
        "zip":30872,
        "birthday":"Mon, 04 Jul 1988 23:21:42 -0700"
    },
    {
        "first":"Duncan",
        "last":"Lara",
        "email":"luctus.et@Donec.ca",
        "address":"8509 Fringilla Rd.",
        "city":"Hengelo",
        "state":"ME",
        "zip":16630,
        "birthday":"Sun, 01 Apr 1984 01:45:42 -0800"
    },
    {
        "first":"Quamar",
        "last":"Green",
        "email":"et.malesuada.fames@nunc.co.uk",
        "address":"4732 Nec St.",
        "city":"Middelburg",
        "state":"Arkansas",
        "zip":66058,
        "birthday":"Wed, 23 Jul 1975 07:50:16 -0700"
    },
    {
        "first":"Raven",
        "last":"Frazier",
        "email":"accumsan.neque.et@auctornunc.org",
        "address":"415 Faucibus Rd.",
        "city":"Thurso",
        "state":"Maine",
        "zip":32947,
        "birthday":"Tue, 29 May 1979 23:37:47 -0700"
    },
    {
        "first":"Richard",
        "last":"Noel",
        "email":"dolor.Fusce@aliquameu.com",
        "address":"8754 Sagittis. Av.",
        "city":"OthÃ©e",
        "state":"Idaho",
        "zip":40106,
        "birthday":"Wed, 20 Feb 1974 12:58:18 -0700"
    },
    {
        "first":"Ralph",
        "last":"Abbott",
        "email":"congue@Phaselluselitpede.ca",
        "address":"Ap #268-778 Vivamus Street",
        "city":"Venlo",
        "state":"MD",
        "zip":66648,
        "birthday":"Thu, 12 Jan 1984 18:47:22 -0800"
    },
    {
        "first":"Lars",
        "last":"Larson",
        "email":"in@Duiscursusdiam.net",
        "address":"9342 Vitae, Rd.",
        "city":"Appingedam",
        "state":"Florida",
        "zip":70002,
        "birthday":"Sat, 22 Oct 1977 22:00:36 -0700"
    },
    {
        "first":"Amity",
        "last":"Burke",
        "email":"Donec.at.arcu@nisimagnased.org",
        "address":"237-7631 Nulla Street",
        "city":"Parkersburg",
        "state":"KS",
        "zip":80728,
        "birthday":"Fri, 25 Nov 1966 23:24:42 -0800"
    },
    {
        "first":"Karyn",
        "last":"Barlow",
        "email":"et.malesuada.fames@adipiscinglacus.org",
        "address":"842-9487 Eros. St.",
        "city":"Herentals",
        "state":"Rhode Island",
        "zip":74892,
        "birthday":"Mon, 24 Jul 1989 22:48:29 -0700"
    },
    {
        "first":"Sean",
        "last":"Jefferson",
        "email":"odio@eu.edu",
        "address":"151-8264 Non, Avenue",
        "city":"Wells",
        "state":"Wyoming",
        "zip":48656,
        "birthday":"Sun, 28 Dec 1980 02:31:45 -0800"
    },
    {
        "first":"Melanie",
        "last":"Everett",
        "email":"tincidunt.orci.quis@sociisnatoque.org",
        "address":"P.O. Box 921, 687 Mi St.",
        "city":"Ede",
        "state":"IN",
        "zip":13374,
        "birthday":"Sun, 27 Dec 1981 13:34:30 -0800"
    },
    {
        "first":"Denton",
        "last":"Curry",
        "email":"ante.ipsum.primis@NullafacilisisSuspendisse.org",
        "address":"1792 Blandit St.",
        "city":"Solihull",
        "state":"WA",
        "zip":35094,
        "birthday":"Sun, 07 Aug 1983 23:43:55 -0700"
    },
    {
        "first":"Galena",
        "last":"Cabrera",
        "email":"est@et.com",
        "address":"6976 Eros. Road",
        "city":"Casper",
        "state":"WV",
        "zip":88982,
        "birthday":"Sun, 01 Mar 1987 10:37:43 -0800"
    },
    {
        "first":"Branden",
        "last":"Woodward",
        "email":"eget.mollis.lectus@ornare.ca",
        "address":"P.O. Box 740, 3994 Facilisis St.",
        "city":"Kaneohe",
        "state":"ID",
        "zip":8759,
        "birthday":"Sat, 27 Jun 1987 13:13:12 -0700"
    },
    {
        "first":"Aidan",
        "last":"Mayer",
        "email":"turpis@ornaresagittisfelis.ca",
        "address":"Ap #879-9603 Vel Rd.",
        "city":"Newton Stewart",
        "state":"Colorado",
        "zip":21665,
        "birthday":"Wed, 19 Apr 1972 16:24:03 -0800"
    },
    {
        "first":"Deacon",
        "last":"Guy",
        "email":"pede.ac.urna@liberonecligula.org",
        "address":"9066 In Road",
        "city":"Tregaron",
        "state":"UT",
        "zip":89242,
        "birthday":"Sun, 20 Oct 1968 17:19:52 -0700"
    },
    {
        "first":"Thomas",
        "last":"Harrison",
        "email":"quis.diam@Duis.net",
        "address":"P.O. Box 312, 7851 Consequat, Rd.",
        "city":"Bath",
        "state":"West Virginia",
        "zip":56656,
        "birthday":"Sun, 06 Jul 1986 06:30:51 -0700"
    },
    {
        "first":"Kimberly",
        "last":"Obrien",
        "email":"dui@molestietellus.org",
        "address":"Ap #851-9790 Molestie Rd.",
        "city":"Morpeth",
        "state":"Virginia",
        "zip":85761,
        "birthday":"Mon, 11 Dec 1978 19:43:16 -0800"
    },
    {
        "first":"Naida",
        "last":"Casey",
        "email":"Duis@Utsagittis.co.uk",
        "address":"Ap #852-4403 Magna St.",
        "city":"Laurencekirk",
        "state":"AL",
        "zip":79087,
        "birthday":"Sat, 19 Oct 1968 01:32:28 -0700"
    },
    {
        "first":"Kareem",
        "last":"Erickson",
        "email":"velit@magnisdisparturient.co.uk",
        "address":"4562 Nam Rd.",
        "city":"Derry",
        "state":"AK",
        "zip":11848,
        "birthday":"Thu, 26 Oct 1961 18:09:28 -0800"
    },
    {
        "first":"Carla",
        "last":"Jarvis",
        "email":"pede.ultrices@nectempusmauris.edu",
        "address":"347-4765 Sed Av.",
        "city":"Alness",
        "state":"NM",
        "zip":1828,
        "birthday":"Fri, 16 May 1969 17:17:52 -0700"
    },
    {
        "first":"Macaulay",
        "last":"Christensen",
        "email":"lobortis@odio.co.uk",
        "address":"Ap #903-3929 Consectetuer, Avenue",
        "city":"Birmingham",
        "state":"IA",
        "zip":40783,
        "birthday":"Wed, 08 Mar 1978 15:36:15 -0800"
    },
    {
        "first":"Leilani",
        "last":"Pennington",
        "email":"ornare.facilisis.eget@velitdui.edu",
        "address":"1947 Tristique Avenue",
        "city":"Norfolk County",
        "state":"VA",
        "zip":910,
        "birthday":"Sat, 30 Dec 1972 11:01:13 -0800"
    },
    {
        "first":"Lane",
        "last":"Alvarez",
        "email":"volutpat.Nulla@sitamet.ca",
        "address":"8168 Condimentum Rd.",
        "city":"Launceston",
        "state":"ND",
        "zip":2883,
        "birthday":"Sun, 30 Jul 1961 06:31:10 -0700"
    },
    {
        "first":"Aphrodite",
        "last":"Moon",
        "email":"eu.eros.Nam@cursusInteger.net",
        "address":"P.O. Box 983, 2153 Turpis Road",
        "city":"Redcliffe",
        "state":"North Carolina",
        "zip":86137,
        "birthday":"Sat, 18 Feb 1978 12:17:57 -0800"
    },
    {
        "first":"Reed",
        "last":"Maddox",
        "email":"massa.Integer.vitae@nonummyacfeugiat.org",
        "address":"539-428 Mollis Av.",
        "city":"Tranent",
        "state":"GA",
        "zip":28093,
        "birthday":"Mon, 20 Feb 1989 01:05:20 -0800"
    },
    {
        "first":"Jennifer",
        "last":"Colon",
        "email":"eu.eleifend.nec@liberodui.co.uk",
        "address":"3511 Malesuada Rd.",
        "city":"Kirkcaldy",
        "state":"KY",
        "zip":37382,
        "birthday":"Thu, 15 Sep 1988 07:04:52 -0700"
    },
    {
        "first":"Ivory",
        "last":"Barker",
        "email":"felis.Nulla.tempor@nuncullamcorpereu.edu",
        "address":"P.O. Box 493, 915 Nisi. Avenue",
        "city":"Harrogate",
        "state":"PA",
        "zip":20388,
        "birthday":"Thu, 13 Nov 1969 17:34:41 -0800"
    },
    {
        "first":"Isabelle",
        "last":"Williams",
        "email":"Nam.ac.nulla@estarcuac.ca",
        "address":"789-2385 Facilisi. Avenue",
        "city":"St. Albans",
        "state":"OK",
        "zip":46857,
        "birthday":"Mon, 01 May 1989 13:31:03 -0700"
    },
    {
        "first":"Zelenia",
        "last":"Bush",
        "email":"Sed.auctor@sodalesMaurisblandit.co.uk",
        "address":"4375 Quis Av.",
        "city":"Halifax",
        "state":"Florida",
        "zip":6348,
        "birthday":"Wed, 12 Jul 1967 12:56:29 -0700"
    },
    {
        "first":"Otto",
        "last":"Whitehead",
        "email":"tincidunt@morbitristique.com",
        "address":"672-5901 Sagittis Avenue",
        "city":"Charlottetown",
        "state":"Wisconsin",
        "zip":52334,
        "birthday":"Mon, 15 Jul 1974 11:55:30 -0700"
    },
    {
        "first":"Quinn",
        "last":"Mullins",
        "email":"eu.neque@sollicitudinorci.co.uk",
        "address":"Ap #519-4350 Eu Ave",
        "city":"Horsham",
        "state":"Idaho",
        "zip":30727,
        "birthday":"Sat, 06 Mar 1971 16:51:23 -0800"
    },
    {
        "first":"Fredericka",
        "last":"Haley",
        "email":"tincidunt.nunc.ac@sagittisfelisDonec.edu",
        "address":"4266 Dolor St.",
        "city":"Ambleside",
        "state":"KY",
        "zip":62920,
        "birthday":"Sat, 07 Oct 1967 08:23:32 -0700"
    },
    {
        "first":"Mona",
        "last":"Gallegos",
        "email":"Integer.vitae.nibh@aliquetmagna.org",
        "address":"611-2806 Mauris Avenue",
        "city":"St. David\"s",
        "state":"Arizona",
        "zip":40521,
        "birthday":"Tue, 17 Oct 1972 17:09:05 -0700"
    },
    {
        "first":"Zeus",
        "last":"Pate",
        "email":"nostra@in.com",
        "address":"Ap #613-4033 Vitae Ave",
        "city":"Huntingdon",
        "state":"Alaska",
        "zip":88939,
        "birthday":"Wed, 19 Oct 1966 21:08:36 -0700"
    },
    {
        "first":"Ignacia",
        "last":"Chambers",
        "email":"risus.a@mauris.org",
        "address":"P.O. Box 829, 1515 Duis Rd.",
        "city":"Ballarat",
        "state":"CA",
        "zip":20392,
        "birthday":"Wed, 14 May 1986 22:09:19 -0700"
    },
    {
        "first":"Carissa",
        "last":"Baker",
        "email":"elit@Donectincidunt.ca",
        "address":"Ap #410-8823 Adipiscing. St.",
        "city":"Gary",
        "state":"MS",
        "zip":89994,
        "birthday":"Mon, 21 Apr 1969 23:25:26 -0800"
    },
    {
        "first":"Emi",
        "last":"Watts",
        "email":"Integer.aliquam.adipiscing@convallisestvitae.ca",
        "address":"989-177 Proin Av.",
        "city":"Jedburgh",
        "state":"New Mexico",
        "zip":1367,
        "birthday":"Sun, 20 Jan 1974 10:33:24 -0700"
    },
    {
        "first":"Hammett",
        "last":"Guerra",
        "email":"Pellentesque.tincidunt@tristiquepharetraQuisque.org",
        "address":"668-1212 Sem. St.",
        "city":"Lockerbie",
        "state":"Illinois",
        "zip":77629,
        "birthday":"Mon, 12 Apr 1976 18:58:24 -0800"
    },
    {
        "first":"Kuame",
        "last":"Fischer",
        "email":"consequat@metus.co.uk",
        "address":"455-9836 Et, Ave",
        "city":"Carnoustie",
        "state":"TN",
        "zip":56056,
        "birthday":"Fri, 18 Dec 1964 04:11:24 -0800"
    },
    {
        "first":"Craig",
        "last":"Reynolds",
        "email":"fringilla.est@mollisPhaselluslibero.edu",
        "address":"9951 Aliquet Road",
        "city":"Bangor",
        "state":"UT",
        "zip":12804,
        "birthday":"Wed, 25 Mar 1964 02:13:16 -0800"
    },
    {
        "first":"Autumn",
        "last":"Fulton",
        "email":"augue@fames.net",
        "address":"Ap #475-4646 Blandit St.",
        "city":"Sterling Heights",
        "state":"Alaska",
        "zip":46569,
        "birthday":"Wed, 13 Nov 1974 16:32:14 -0800"
    },
    {
        "first":"Brian",
        "last":"Barnes",
        "email":"eu@penatibusetmagnis.edu",
        "address":"283-2608 Lacinia Road",
        "city":"Millport",
        "state":"MS",
        "zip":81385,
        "birthday":"Thu, 27 Dec 1979 21:58:28 -0800"
    },
    {
        "first":"Jonah",
        "last":"Odonnell",
        "email":"molestie@rutrumjustoPraesent.ca",
        "address":"826-2330 Imperdiet Rd.",
        "city":"Banbury",
        "state":"ID",
        "zip":86176,
        "birthday":"Fri, 19 Jan 1979 17:29:42 -0800"
    },
    {
        "first":"Malachi",
        "last":"Reid",
        "email":"augue.scelerisque@faucibus.com",
        "address":"P.O. Box 220, 4510 Ultricies St.",
        "city":"Pittsburgh",
        "state":"Alabama",
        "zip":18429,
        "birthday":"Wed, 25 Jul 1990 03:35:30 -0700"
    },
    {
        "first":"Ingrid",
        "last":"Ellis",
        "email":"Curabitur.dictum@magnis.net",
        "address":"9482 Nisi. Av.",
        "city":"Portland",
        "state":"MI",
        "zip":96087,
        "birthday":"Sun, 30 Jul 1961 02:08:31 -0700"
    },
    {
        "first":"Raymond",
        "last":"Wilder",
        "email":"iaculis.enim.sit@Namconsequat.co.uk",
        "address":"736-5404 Magna. Street",
        "city":"Darlington",
        "state":"UT",
        "zip":22104,
        "birthday":"Sun, 22 Jun 1986 20:25:35 -0700"
    },
    {
        "first":"Ayanna",
        "last":"Hicks",
        "email":"Nunc.commodo.auctor@sollicitudinorci.co.uk",
        "address":"147-8970 Risus. St.",
        "city":"Evansville",
        "state":"MS",
        "zip":47387,
        "birthday":"Fri, 23 Sep 1977 04:32:33 -0700"
    },
    {
        "first":"Vincent",
        "last":"Conley",
        "email":"nec.malesuada@vulputatenisisem.org",
        "address":"798-2262 Ante. Road",
        "city":"Naperville",
        "state":"Texas",
        "zip":84025,
        "birthday":"Sun, 09 Dec 1984 08:24:05 -0800"
    },
    {
        "first":"Stella",
        "last":"Ewing",
        "email":"urna.Ut.tincidunt@eliteratvitae.co.uk",
        "address":"6195 Velit. Av.",
        "city":"Knoxville",
        "state":"MN",
        "zip":90340,
        "birthday":"Fri, 11 Nov 1983 03:40:13 -0800"
    },
    {
        "first":"Fletcher",
        "last":"Mcpherson",
        "email":"eget@consequat.org",
        "address":"6506 Non, Rd.",
        "city":"St. Neots",
        "state":"Connecticut",
        "zip":37991,
        "birthday":"Tue, 23 Apr 1985 04:13:39 -0800"
    },
    {
        "first":"Xena",
        "last":"Blake",
        "email":"tellus@parturientmontesnascetur.com",
        "address":"P.O. Box 156, 8111 Lorem St.",
        "city":"Knoxville",
        "state":"IL",
        "zip":25778,
        "birthday":"Fri, 29 Oct 1982 05:28:31 -0700"
    },
    {
        "first":"Ifeoma",
        "last":"Ayala",
        "email":"suscipit@ipsum.org",
        "address":"288-2164 Mattis Rd.",
        "city":"Edison",
        "state":"AZ",
        "zip":29628,
        "birthday":"Sat, 12 Jun 1982 02:55:38 -0700"
    },
    {
        "first":"Alec",
        "last":"Warner",
        "email":"Cras.dictum.ultricies@risusodio.com",
        "address":"7543 Integer Av.",
        "city":"Jackson",
        "state":"KS",
        "zip":84169,
        "birthday":"Thu, 28 Nov 1974 08:17:56 -0800"
    },
    {
        "first":"Cameran",
        "last":"Mcclure",
        "email":"id.libero.Donec@Fuscefermentumfermentum.net",
        "address":"Ap #401-6108 Et Avenue",
        "city":"Cheyenne",
        "state":"South Dakota",
        "zip":62462,
        "birthday":"Fri, 09 Jan 1976 09:26:12 -0800"
    },
    {
        "first":"Justine",
        "last":"Haley",
        "email":"consectetuer.cursus.et@posuere.com",
        "address":"Ap #650-7184 Quisque St.",
        "city":"Tongue",
        "state":"CT",
        "zip":54455,
        "birthday":"Mon, 07 Mar 1988 23:19:14 -0800"
    },
    {
        "first":"Chava",
        "last":"Rodgers",
        "email":"convallis@Aliquamultricesiaculis.co.uk",
        "address":"5468 Mollis Av.",
        "city":"Chester",
        "state":"NM",
        "zip":63524,
        "birthday":"Mon, 30 Jan 1984 16:10:51 -0800"
    },
    {
        "first":"Quynn",
        "last":"Thompson",
        "email":"auctor.Mauris.vel@vel.edu",
        "address":"Ap #755-3741 Magnis Avenue",
        "city":"Rosmeer",
        "state":"VA",
        "zip":28204,
        "birthday":"Tue, 26 Sep 1978 17:24:51 -0700"
    },
    {
        "first":"Kelsie",
        "last":"Rose",
        "email":"In.lorem@magnaLorem.co.uk",
        "address":"5769 Nam Street",
        "city":"Market Drayton",
        "state":"New Jersey",
        "zip":48460,
        "birthday":"Mon, 17 Mar 1980 20:09:10 -0800"
    },
    {
        "first":"Illana",
        "last":"Roberts",
        "email":"mus.Proin.vel@Maurisutquam.org",
        "address":"131-5848 Urna Rd.",
        "city":"Oban",
        "state":"MO",
        "zip":51162,
        "birthday":"Tue, 18 Mar 1986 05:14:46 -0800"
    },
    {
        "first":"Devin",
        "last":"Sutton",
        "email":"vitae.dolor.Donec@ettristiquepellentesque.com",
        "address":"P.O. Box 505, 4045 Etiam Av.",
        "city":"Tain",
        "state":"NC",
        "zip":63568,
        "birthday":"Tue, 20 Aug 1974 01:25:53 -0700"
    },
    {
        "first":"Halla",
        "last":"Delgado",
        "email":"elementum@litoratorquentper.com",
        "address":"P.O. Box 323, 5530 Orci. Rd.",
        "city":"Dingwall",
        "state":"Indiana",
        "zip":53753,
        "birthday":"Sun, 01 Jul 1962 00:00:18 -0700"
    },
    {
        "first":"Steven",
        "last":"Bonner",
        "email":"pellentesque.Sed.dictum@dolorsit.net",
        "address":"162-5198 Lobortis Rd.",
        "city":"Ely",
        "state":"North Dakota",
        "zip":81247,
        "birthday":"Fri, 25 Jul 1969 17:10:04 -0700"
    },
    {
        "first":"Mannix",
        "last":"Stanley",
        "email":"magnis@aceleifend.edu",
        "address":"899-6879 Nascetur Rd.",
        "city":"Flushing",
        "state":"Florida",
        "zip":46707,
        "birthday":"Sun, 13 Jun 1976 10:22:46 -0700"
    },
    {
        "first":"Zena",
        "last":"Wheeler",
        "email":"at@odiotristiquepharetra.ca",
        "address":"764-2477 Nulla St.",
        "city":"North Berwick",
        "state":"Washington",
        "zip":44167,
        "birthday":"Mon, 09 Aug 1965 14:06:06 -0700"
    },
    {
        "first":"Maia",
        "last":"Patrick",
        "email":"libero.nec.ligula@netuset.com",
        "address":"8975 Neque St.",
        "city":"Hindeloopen",
        "state":"South Dakota",
        "zip":86767,
        "birthday":"Sat, 18 May 1974 22:28:12 -0700"
    },
    {
        "first":"Azalia",
        "last":"Willis",
        "email":"erat.volutpat@gravida.com",
        "address":"1711 Nec Avenue",
        "city":"Chesterfield",
        "state":"Hawaii",
        "zip":58914,
        "birthday":"Fri, 19 Mar 1971 01:18:19 -0800"
    },
    {
        "first":"Jarrod",
        "last":"Stanley",
        "email":"dictum.ultricies.ligula@auctornunc.net",
        "address":"527-7537 Suspendisse Rd.",
        "city":"Rochester",
        "state":"CT",
        "zip":32119,
        "birthday":"Mon, 22 Oct 1984 05:21:57 -0700"
    },
    {
        "first":"May",
        "last":"Stokes",
        "email":"egestas@Donecporttitortellus.net",
        "address":"954-9295 Aliquet, St.",
        "city":"Newark",
        "state":"NC",
        "zip":12738,
        "birthday":"Fri, 08 Aug 1975 22:55:25 -0700"
    },
    {
        "first":"Ramona",
        "last":"Juarez",
        "email":"ligula.consectetuer.rhoncus@lacusQuisque.edu",
        "address":"438-7674 Fringilla St.",
        "city":"Independence",
        "state":"DE",
        "zip":26857,
        "birthday":"Mon, 02 Jun 1980 19:49:47 -0700"
    },
    {
        "first":"Sheila",
        "last":"Drake",
        "email":"ridiculus.mus.Proin@rutrum.net",
        "address":"897-8526 Tellus Avenue",
        "city":"Roswell",
        "state":"North Dakota",
        "zip":2585,
        "birthday":"Sat, 26 Jun 1965 16:40:28 -0700"
    },
    {
        "first":"Jerome",
        "last":"Sanders",
        "email":"quis@dolornonummyac.ca",
        "address":"823-8884 Ultrices, Rd.",
        "city":"Kailua",
        "state":"RI",
        "zip":69233,
        "birthday":"Sun, 21 Jun 1987 19:24:44 -0700"
    },
    {
        "first":"Quinlan",
        "last":"Pittman",
        "email":"Vestibulum.ut@tacitisociosqu.ca",
        "address":"2221 Class Rd.",
        "city":"Elsene",
        "state":"New York",
        "zip":65141,
        "birthday":"Tue, 25 Jan 1983 03:45:50 -0800"
    },
    {
        "first":"Jared",
        "last":"Martinez",
        "email":"sit.amet.consectetuer@Aliquamadipiscing.net",
        "address":"P.O. Box 885, 7120 Eget Rd.",
        "city":"Barrie",
        "state":"Mississippi",
        "zip":41907,
        "birthday":"Sun, 21 Feb 1982 07:29:42 -0800"
    },
    {
        "first":"Norman",
        "last":"Fisher",
        "email":"purus@nequevenenatis.org",
        "address":"4108 Dolor. Av.",
        "city":"Hofstade",
        "state":"AK",
        "zip":69215,
        "birthday":"Wed, 19 Jun 1974 23:20:25 -0700"
    },
    {
        "first":"Doris",
        "last":"Christensen",
        "email":"neque.Sed@congue.ca",
        "address":"6887 Nulla Avenue",
        "city":"Nashville",
        "state":"Virginia",
        "zip":54482,
        "birthday":"Wed, 11 Oct 1967 05:26:01 -0700"
    },
    {
        "first":"Channing",
        "last":"Calhoun",
        "email":"Nam@anteMaecenasmi.edu",
        "address":"P.O. Box 158, 7333 Ante Ave",
        "city":"Providence",
        "state":"Louisiana",
        "zip":48976,
        "birthday":"Sun, 31 Dec 1989 21:59:51 -0800"
    },
    {
        "first":"Amal",
        "last":"Graham",
        "email":"sapien@vitaeposuere.org",
        "address":"Ap #580-1120 Mi, Rd.",
        "city":"Portree",
        "state":"Massachusetts",
        "zip":79662,
        "birthday":"Mon, 21 Jan 1963 02:09:28 -0800"
    },
    {
        "first":"Alec",
        "last":"Solomon",
        "email":"et@justo.com",
        "address":"P.O. Box 269, 4643 Nascetur Rd.",
        "city":"Nampa",
        "state":"KY",
        "zip":54409,
        "birthday":"Tue, 20 Nov 1984 16:30:15 -0800"
    },
    {
        "first":"Lewis",
        "last":"Serrano",
        "email":"semper@consequatdolorvitae.com",
        "address":"539-8024 Interdum. St.",
        "city":"Raleigh",
        "state":"CA",
        "zip":51562,
        "birthday":"Fri, 04 Aug 1972 15:32:17 -0700"
    },
    {
        "first":"Joelle",
        "last":"Montoya",
        "email":"nunc.Quisque.ornare@lorem.edu",
        "address":"Ap #331-7437 Ut Ave",
        "city":"Columbia",
        "state":"AK",
        "zip":98355,
        "birthday":"Fri, 16 May 1969 01:20:53 -0700"
    },
    {
        "first":"Talon",
        "last":"Douglas",
        "email":"ornare.libero.at@justoeu.com",
        "address":"7781 Congue. Avenue",
        "city":"Forres",
        "state":"Montana",
        "zip":25051,
        "birthday":"Tue, 17 May 1966 01:46:54 -0700"
    },
    {
        "first":"Beverly",
        "last":"Marsh",
        "email":"ad.litora@vulputateduinec.net",
        "address":"6118 Ultrices. Street",
        "city":"Weston-super-Mare",
        "state":"Missouri",
        "zip":23979,
        "birthday":"Thu, 02 Aug 1984 04:18:46 -0700"
    },
    {
        "first":"Nehru",
        "last":"Schwartz",
        "email":"Nam.consequat@eratvolutpatNulla.ca",
        "address":"P.O. Box 390, 1885 Ut St.",
        "city":"Beauvoorde",
        "state":"SD",
        "zip":20419,
        "birthday":"Thu, 21 Aug 1986 23:50:12 -0700"
    },
    {
        "first":"Denton",
        "last":"Osborne",
        "email":"congue@neque.ca",
        "address":"972-1015 Auctor St.",
        "city":"Hunstanton",
        "state":"New Hampshire",
        "zip":8653,
        "birthday":"Mon, 28 Sep 1970 21:53:23 -0700"
    },
    {
        "first":"Chanda",
        "last":"Diaz",
        "email":"Mauris.eu@necurna.co.uk",
        "address":"Ap #377-9670 Consectetuer Avenue",
        "city":"Savannah",
        "state":"NY",
        "zip":37018,
        "birthday":"Fri, 19 Jul 1974 08:41:37 -0700"
    },
    {
        "first":"April",
        "last":"Mueller",
        "email":"ipsum.nunc@risusodioauctor.ca",
        "address":"P.O. Box 747, 6371 Sit Rd.",
        "city":"Kirkby Lonsdale",
        "state":"Oregon",
        "zip":60579,
        "birthday":"Mon, 06 Jan 1975 13:36:33 -0800"
    },
    {
        "first":"Inga",
        "last":"Conrad",
        "email":"faucibus.Morbi.vehicula@justositamet.com",
        "address":"P.O. Box 958, 3200 Ac, Av.",
        "city":"Nashville",
        "state":"NE",
        "zip":55519,
        "birthday":"Wed, 18 Oct 1989 20:59:01 -0700"
    },
    {
        "first":"Hayley",
        "last":"Richardson",
        "email":"Duis.sit@sitamet.com",
        "address":"Ap #936-6192 Hendrerit Road",
        "city":"Dalbeattie",
        "state":"California",
        "zip":2089,
        "birthday":"Fri, 26 Dec 1986 14:57:20 -0800"
    },
    {
        "first":"Callum",
        "last":"Carter",
        "email":"penatibus.et@Quisque.net",
        "address":"P.O. Box 386, 8903 Ipsum Rd.",
        "city":"Lochranza",
        "state":"Hawaii",
        "zip":67005,
        "birthday":"Sat, 15 Jan 1977 03:09:27 -0800"
    },
    {
        "first":"Kylie",
        "last":"Pate",
        "email":"vulputate.lacus.Cras@nunc.edu",
        "address":"P.O. Box 746, 3615 Scelerisque, St.",
        "city":"Cranston",
        "state":"Utah",
        "zip":51784,
        "birthday":"Fri, 15 Dec 1961 05:40:51 -0800"
    },
    {
        "first":"Sade",
        "last":"Guthrie",
        "email":"turpis.vitae@auctor.org",
        "address":"616-4667 Phasellus Ave",
        "city":"Waterbury",
        "state":"Michigan",
        "zip":93761,
        "birthday":"Thu, 17 Jan 1974 08:59:01 -0700"
    },
    {
        "first":"Edward",
        "last":"Gaines",
        "email":"purus@primisinfaucibus.com",
        "address":"2245 Lacinia Rd.",
        "city":"Torquay",
        "state":"Vermont",
        "zip":16551,
        "birthday":"Thu, 30 Nov 1978 06:11:46 -0800"
    },
    {
        "first":"Fallon",
        "last":"Singleton",
        "email":"magnis.dis.parturient@rutrum.co.uk",
        "address":"P.O. Box 710, 4325 Malesuada Street",
        "city":"Canterbury",
        "state":"Arizona",
        "zip":31212,
        "birthday":"Fri, 18 Aug 1978 00:10:27 -0700"
    },
    {
        "first":"Candice",
        "last":"Duffy",
        "email":"fermentum@magnaLorem.co.uk",
        "address":"426-7387 Varius Ave",
        "city":"Peterborough",
        "state":"WV",
        "zip":51762,
        "birthday":"Mon, 26 Jun 1978 14:18:29 -0700"
    },
    {
        "first":"Elton",
        "last":"James",
        "email":"magna@et.com",
        "address":"Ap #254-8690 Cursus, Avenue",
        "city":"Watson Lake",
        "state":"Arizona",
        "zip":68815,
        "birthday":"Fri, 16 Jan 1987 18:51:23 -0800"
    },
    {
        "first":"Dana",
        "last":"Gallegos",
        "email":"rhoncus.Proin@sapien.edu",
        "address":"677-8036 Etiam Rd.",
        "city":"Johnstone",
        "state":"Kansas",
        "zip":55424,
        "birthday":"Mon, 21 Dec 1970 01:16:58 -0800"
    },
    {
        "first":"Edward",
        "last":"Williamson",
        "email":"eu.tempor@sodalesMauris.co.uk",
        "address":"Ap #344-7304 Orci Avenue",
        "city":"Uppingham. Cottesmore",
        "state":"SD",
        "zip":7831,
        "birthday":"Tue, 14 Jul 1970 06:36:58 -0700"
    },
    {
        "first":"Levi",
        "last":"Jarvis",
        "email":"placerat.Cras.dictum@faucibusorci.ca",
        "address":"323-7917 Dolor. Av.",
        "city":"Lakewood",
        "state":"Louisiana",
        "zip":2929,
        "birthday":"Tue, 30 Apr 1963 18:12:42 -0700"
    },
    {
        "first":"Molly",
        "last":"Workman",
        "email":"amet.dapibus.id@mauris.ca",
        "address":"281-7698 Porttitor Av.",
        "city":"Colchester",
        "state":"South Carolina",
        "zip":57943,
        "birthday":"Wed, 15 Feb 1989 12:04:58 -0800"
    },
    {
        "first":"Allistair",
        "last":"Brock",
        "email":"magna@elit.org",
        "address":"7220 Massa. St.",
        "city":"Rutland",
        "state":"AL",
        "zip":94855,
        "birthday":"Fri, 07 Sep 1990 17:13:31 -0700"
    },
    {
        "first":"Eaton",
        "last":"Sims",
        "email":"ipsum.Donec@risus.org",
        "address":"6205 Nulla Rd.",
        "city":"Shepparton",
        "state":"Rhode Island",
        "zip":92993,
        "birthday":"Wed, 21 Jun 1961 12:42:35 -0700"
    },
    {
        "first":"Nicholas",
        "last":"Jackson",
        "email":"convallis.ante.lectus@Nullafacilisis.com",
        "address":"593-3530 Orci, Ave",
        "city":"Warwick",
        "state":"ND",
        "zip":52701,
        "birthday":"Mon, 15 Nov 1976 06:50:55 -0800"
    },
    {
        "first":"Kirby",
        "last":"Rodgers",
        "email":"lectus.convallis.est@auctorvitaealiquet.com",
        "address":"Ap #721-8870 Euismod St.",
        "city":"Norwich",
        "state":"LA",
        "zip":13075,
        "birthday":"Mon, 07 Feb 1966 00:53:46 -0800"
    },
    {
        "first":"Raven",
        "last":"Kidd",
        "email":"at.libero.Morbi@euismod.com",
        "address":"P.O. Box 849, 7060 Ornare Road",
        "city":"Broken Arrow",
        "state":"IA",
        "zip":30157,
        "birthday":"Sun, 11 Apr 1965 14:20:16 -0800"
    },
    {
        "first":"Sydney",
        "last":"Sawyer",
        "email":"enim@pharetrafeliseget.edu",
        "address":"P.O. Box 619, 5464 Eleifend. Rd.",
        "city":"Columbia",
        "state":"CA",
        "zip":76230,
        "birthday":"Thu, 04 Jul 1974 06:36:34 -0700"
    },
    {
        "first":"Miriam",
        "last":"Farley",
        "email":"aliquet.molestie.tellus@Curabituregestas.edu",
        "address":"4787 Tellus. Av.",
        "city":"Talgarth",
        "state":"Massachusetts",
        "zip":31245,
        "birthday":"Sun, 04 Oct 1987 18:38:52 -0700"
    },
    {
        "first":"Lani",
        "last":"Chan",
        "email":"eget.dictum@ultrices.com",
        "address":"P.O. Box 775, 8576 Nisi Street",
        "city":"Thurso",
        "state":"Arkansas",
        "zip":55340,
        "birthday":"Tue, 10 Nov 1981 05:48:18 -0800"
    },
    {
        "first":"Patience",
        "last":"French",
        "email":"in.magna.Phasellus@duiquisaccumsan.co.uk",
        "address":"P.O. Box 874, 8174 Proin Av.",
        "city":"Kington",
        "state":"North Carolina",
        "zip":78231,
        "birthday":"Sun, 26 Feb 1989 00:41:58 -0800"
    },
    {
        "first":"Lyle",
        "last":"Carson",
        "email":"Aenean@quislectus.co.uk",
        "address":"959-751 Habitant Rd.",
        "city":"Sandy",
        "state":"MN",
        "zip":41798,
        "birthday":"Sat, 01 Feb 1969 05:26:54 -0800"
    },
    {
        "first":"Tana",
        "last":"Long",
        "email":"ligula.Aliquam.erat@eunibhvulputate.edu",
        "address":"P.O. Box 419, 9795 Posuere Ave",
        "city":"Kendal",
        "state":"SD",
        "zip":47338,
        "birthday":"Fri, 07 Aug 1981 20:31:09 -0700"
    },
    {
        "first":"Mason",
        "last":"Hendrix",
        "email":"tellus.Suspendisse@famesac.net",
        "address":"5298 Sed Av.",
        "city":"Nuneaton",
        "state":"Mississippi",
        "zip":34113,
        "birthday":"Tue, 28 Apr 1981 00:28:26 -0700"
    },
    {
        "first":"Hayley",
        "last":"Walls",
        "email":"nibh@dolor.com",
        "address":"7615 Cursus Ave",
        "city":"Barmouth",
        "state":"ND",
        "zip":41694,
        "birthday":"Sat, 28 Oct 1972 15:28:38 -0700"
    },
    {
        "first":"Calvin",
        "last":"Mccarty",
        "email":"malesuada.fames.ac@molestie.ca",
        "address":"P.O. Box 163, 992 Nulla Rd.",
        "city":"Derry",
        "state":"NM",
        "zip":20501,
        "birthday":"Fri, 03 Aug 1973 04:48:46 -0700"
    },
    {
        "first":"Magee",
        "last":"Cardenas",
        "email":"diam.luctus.lobortis@etmalesuadafames.com",
        "address":"Ap #661-7991 Rhoncus St.",
        "city":"Nashua",
        "state":"MN",
        "zip":32020,
        "birthday":"Mon, 08 May 1972 11:24:05 -0700"
    },
    {
        "first":"Malachi",
        "last":"Kim",
        "email":"auctor.Mauris@idenimCurabitur.co.uk",
        "address":"433-2360 Etiam Ave",
        "city":"Buffalo",
        "state":"ND",
        "zip":67636,
        "birthday":"Mon, 23 Aug 1976 10:39:51 -0700"
    },
    {
        "first":"Chase",
        "last":"Villarreal",
        "email":"nunc@vitae.org",
        "address":"P.O. Box 165, 6551 Enim. Av.",
        "city":"New Galloway",
        "state":"OH",
        "zip":19226,
        "birthday":"Sat, 14 Jun 1975 19:32:31 -0700"
    },
    {
        "first":"Caldwell",
        "last":"Lamb",
        "email":"aliquet.vel@non.com",
        "address":"902-6612 Curabitur Av.",
        "city":"Blackwood",
        "state":"SD",
        "zip":14865,
        "birthday":"Thu, 13 Sep 1962 07:26:35 -0700"
    },
    {
        "first":"Tobias",
        "last":"Deleon",
        "email":"nec.ante.blandit@nislelementum.com",
        "address":"2070 Ultricies St.",
        "city":"Roosendaal",
        "state":"LA",
        "zip":87160,
        "birthday":"Wed, 16 May 1984 13:23:33 -0700"
    },
    {
        "first":"Gillian",
        "last":"Evans",
        "email":"dapibus.id.blandit@vitae.org",
        "address":"472-2189 Eu, Road",
        "city":"Phoenix",
        "state":"Wyoming",
        "zip":525,
        "birthday":"Sun, 07 Sep 1969 11:32:32 -0700"
    },
    {
        "first":"Jacob",
        "last":"Dickerson",
        "email":"Etiam.imperdiet@orci.org",
        "address":"3385 Urna. St.",
        "city":"Auldearn",
        "state":"KS",
        "zip":40384,
        "birthday":"Tue, 07 Mar 1967 01:09:56 -0800"
    },
    {
        "first":"Yetta",
        "last":"Stafford",
        "email":"ultricies@montesnascetur.co.uk",
        "address":"P.O. Box 266, 8622 In Rd.",
        "city":"Nijmegen",
        "state":"Rhode Island",
        "zip":90483,
        "birthday":"Sat, 18 Feb 1984 07:01:13 -0800"
    },
    {
        "first":"Katelyn",
        "last":"Young",
        "email":"ut@mitempor.edu",
        "address":"P.O. Box 337, 4283 Sem St.",
        "city":"Memphis",
        "state":"ND",
        "zip":54492,
        "birthday":"Mon, 27 Feb 1984 08:42:57 -0800"
    },
    {
        "first":"Ima",
        "last":"Potter",
        "email":"Aliquam@interdumCurabiturdictum.org",
        "address":"4376 Nunc Rd.",
        "city":"Cedar Rapids",
        "state":"WI",
        "zip":23623,
        "birthday":"Tue, 21 May 1985 18:51:56 -0700"
    },
    {
        "first":"MacKenzie",
        "last":"Sharpe",
        "email":"lectus@Nullam.ca",
        "address":"P.O. Box 166, 1302 Nec Av.",
        "city":"New Glasgow",
        "state":"ME",
        "zip":19411,
        "birthday":"Fri, 22 Aug 1986 12:18:44 -0700"
    },
    {
        "first":"Isaac",
        "last":"Baird",
        "email":"sollicitudin.adipiscing.ligula@dictum.org",
        "address":"3314 Cursus Avenue",
        "city":"Kington",
        "state":"New Mexico",
        "zip":81379,
        "birthday":"Wed, 13 Aug 1986 18:08:02 -0700"
    },
    {
        "first":"Raya",
        "last":"Foreman",
        "email":"magna.Praesent@nullamagna.co.uk",
        "address":"168-8299 Libero Avenue",
        "city":"Hartford",
        "state":"South Dakota",
        "zip":87117,
        "birthday":"Tue, 01 Oct 1974 23:23:01 -0700"
    },
    {
        "first":"Aphrodite",
        "last":"Franco",
        "email":"amet.orci.Ut@justo.edu",
        "address":"365-8846 Pulvinar Av.",
        "city":"Tucson",
        "state":"Kentucky",
        "zip":11048,
        "birthday":"Wed, 08 Mar 1989 06:17:27 -0800"
    },
    {
        "first":"Kameko",
        "last":"Duffy",
        "email":"urna.et.arcu@turpis.edu",
        "address":"9808 Aenean Av.",
        "city":"Mold",
        "state":"WY",
        "zip":1429,
        "birthday":"Sat, 25 Nov 1967 07:26:36 -0800"
    },
    {
        "first":"Gil",
        "last":"Doyle",
        "email":"risus.a@tristiquenequevenenatis.org",
        "address":"Ap #139-1122 Tempus Street",
        "city":"Thorn",
        "state":"Montana",
        "zip":94439,
        "birthday":"Wed, 18 Jun 1969 02:33:38 -0700"
    },
    {
        "first":"Brianna",
        "last":"Barker",
        "email":"nisi.Aenean@Suspendissecommodotincidunt.org",
        "address":"9499 Nunc St.",
        "city":"Clovenfords",
        "state":"Minnesota",
        "zip":56815,
        "birthday":"Fri, 09 Feb 1962 08:26:48 -0800"
    },
    {
        "first":"Nash",
        "last":"Riley",
        "email":"a@Crasloremlorem.ca",
        "address":"701-3900 Ante. Street",
        "city":"Stoke-on-Trent",
        "state":"SC",
        "zip":22208,
        "birthday":"Sat, 31 May 1969 05:01:17 -0700"
    },
    {
        "first":"Alice",
        "last":"Rasmussen",
        "email":"Ut.nec@ante.com",
        "address":"Ap #416-6856 Mauris. Avenue",
        "city":"Minneapolis",
        "state":"MS",
        "zip":60854,
        "birthday":"Sun, 07 Oct 1979 04:49:46 -0700"
    },
    {
        "first":"Lara",
        "last":"Franklin",
        "email":"Pellentesque.tincidunt.tempus@Donecat.co.uk",
        "address":"Ap #659-2783 Lacus. St.",
        "city":"Stranraer",
        "state":"North Dakota",
        "zip":59195,
        "birthday":"Fri, 11 Jul 1969 13:27:25 -0700"
    },
    {
        "first":"Lionel",
        "last":"Booker",
        "email":"diam@acliberonec.org",
        "address":"651-1788 Cursus Avenue",
        "city":"Abergele",
        "state":"TX",
        "zip":9018,
        "birthday":"Wed, 17 Jun 1970 00:22:16 -0700"
    },
    {
        "first":"Zoe",
        "last":"Vaughn",
        "email":"vehicula@molestie.net",
        "address":"8938 Dictum St.",
        "city":"Colwood",
        "state":"Wisconsin",
        "zip":78804,
        "birthday":"Wed, 03 Apr 1963 22:22:00 -0800"
    },
    {
        "first":"Aquila",
        "last":"Gallegos",
        "email":"vestibulum@accumsansedfacilisis.com",
        "address":"551-7831 Sollicitudin Avenue",
        "city":"Charlotte",
        "state":"SD",
        "zip":55919,
        "birthday":"Sun, 23 Mar 1969 04:00:27 -0800"
    },
    {
        "first":"Thomas",
        "last":"Mercer",
        "email":"Etiam.laoreet@mauris.com",
        "address":"3228 Vehicula St.",
        "city":"Charlotte",
        "state":"FL",
        "zip":46161,
        "birthday":"Sat, 31 May 1975 14:33:31 -0700"
    },
    {
        "first":"Tanek",
        "last":"Mejia",
        "email":"Curae;.Phasellus@Duis.org",
        "address":"7477 Ultrices St.",
        "city":"Workington",
        "state":"West Virginia",
        "zip":18139,
        "birthday":"Sun, 06 May 1990 06:02:01 -0700"
    },
    {
        "first":"Rafael",
        "last":"Stephenson",
        "email":"mauris@a.edu",
        "address":"1966 Quam. St.",
        "city":"Milford Haven",
        "state":"Michigan",
        "zip":36904,
        "birthday":"Mon, 02 Jan 1978 11:50:45 -0800"
    },
    {
        "first":"Raya",
        "last":"Soto",
        "email":"arcu.Curabitur.ut@turpisegestasFusce.com",
        "address":"639-5860 Elementum, Rd.",
        "city":"Innerleithen",
        "state":"MN",
        "zip":58278,
        "birthday":"Sun, 12 Jan 1975 00:10:51 -0800"
    },
    {
        "first":"Sonia",
        "last":"Blankenship",
        "email":"enim@egetlacusMauris.ca",
        "address":"P.O. Box 949, 346 In, Street",
        "city":"Buckingham",
        "state":"GA",
        "zip":64184,
        "birthday":"Fri, 25 Jul 1969 21:16:17 -0700"
    },
    {
        "first":"Ayanna",
        "last":"Benton",
        "email":"massa.Integer@at.com",
        "address":"303-5091 Morbi St.",
        "city":"Ellon",
        "state":"Indiana",
        "zip":47345,
        "birthday":"Sun, 03 Nov 1968 03:21:03 -0800"
    },
    {
        "first":"Jordan",
        "last":"Flores",
        "email":"vestibulum.Mauris.magna@sagittisaugueeu.edu",
        "address":"9580 Dis Rd.",
        "city":"Lafayette",
        "state":"Missouri",
        "zip":86182,
        "birthday":"Fri, 06 Dec 1968 06:22:33 -0800"
    },
    {
        "first":"Karen",
        "last":"Terrell",
        "email":"nascetur.ridiculus.mus@venenatis.ca",
        "address":"Ap #544-5998 Facilisis Avenue",
        "city":"Laurencekirk",
        "state":"NM",
        "zip":55311,
        "birthday":"Mon, 11 Mar 1974 01:38:09 -0700"
    },
    {
        "first":"Alvin",
        "last":"Ferrell",
        "email":"sem.eget.massa@mauris.com",
        "address":"Ap #108-2731 Semper Road",
        "city":"Peebles",
        "state":"WI",
        "zip":94516,
        "birthday":"Wed, 20 Oct 1976 17:26:26 -0700"
    },
    {
        "first":"Shannon",
        "last":"Velez",
        "email":"gravida@mattis.org",
        "address":"P.O. Box 589, 9018 Ante Road",
        "city":"Charlottetown",
        "state":"AZ",
        "zip":54057,
        "birthday":"Tue, 28 Mar 1967 14:09:12 -0800"
    },
    {
        "first":"Gemma",
        "last":"Castaneda",
        "email":"mauris@sem.ca",
        "address":"211-515 Ut, Av.",
        "city":"Cheyenne",
        "state":"SD",
        "zip":3827,
        "birthday":"Thu, 01 Dec 1966 09:18:59 -0800"
    },
    {
        "first":"Chaney",
        "last":"Larsen",
        "email":"tellus.Phasellus.elit@sedsapienNunc.edu",
        "address":"6681 Integer Road",
        "city":"Haddington",
        "state":"California",
        "zip":25891,
        "birthday":"Fri, 24 Nov 1972 22:00:06 -0800"
    },
    {
        "first":"Quail",
        "last":"Stanton",
        "email":"dolor@eu.net",
        "address":"5430 Sapien, Av.",
        "city":"Annapolis County",
        "state":"AK",
        "zip":57459,
        "birthday":"Sun, 04 Aug 1963 10:07:08 -0700"
    },
    {
        "first":"Arden",
        "last":"Boyd",
        "email":"eu.neque@congue.com",
        "address":"4870 Aliquam Rd.",
        "city":"Kenosha",
        "state":"South Carolina",
        "zip":18201,
        "birthday":"Fri, 19 Apr 1985 15:15:02 -0800"
    },
    {
        "first":"George",
        "last":"Blankenship",
        "email":"lacus.Quisque@molestiedapibus.edu",
        "address":"P.O. Box 720, 8786 Malesuada Street",
        "city":"Kapolei",
        "state":"ND",
        "zip":82775,
        "birthday":"Fri, 06 Feb 1981 17:45:16 -0800"
    },
    {
        "first":"Judah",
        "last":"Maynard",
        "email":"et.nunc@gravida.com",
        "address":"452-1130 Aliquet Road",
        "city":"Pawtucket",
        "state":"Delaware",
        "zip":90437,
        "birthday":"Mon, 19 Jan 1987 17:19:39 -0800"
    },
    {
        "first":"Sawyer",
        "last":"Mckay",
        "email":"enim.nec.tempus@maurisidsapien.ca",
        "address":"9544 Arcu Avenue",
        "city":"Dover",
        "state":"ID",
        "zip":27755,
        "birthday":"Mon, 05 Sep 1983 08:32:34 -0700"
    },
    {
        "first":"Coby",
        "last":"Martinez",
        "email":"vitae@magnaa.co.uk",
        "address":"7968 Risus. Ave",
        "city":"Winschoten",
        "state":"Tennessee",
        "zip":61668,
        "birthday":"Thu, 29 Aug 1968 23:37:12 -0700"
    },
    {
        "first":"Jameson",
        "last":"Bonner",
        "email":"sagittis.placerat@sed.edu",
        "address":"309-685 Sed Ave",
        "city":"Woking",
        "state":"Louisiana",
        "zip":30313,
        "birthday":"Thu, 21 Feb 1963 17:43:39 -0800"
    },
    {
        "first":"Adara",
        "last":"Britt",
        "email":"cursus@semPellentesqueut.ca",
        "address":"P.O. Box 511, 8664 Vitae, St.",
        "city":"Liverpool",
        "state":"MT",
        "zip":26064,
        "birthday":"Mon, 11 Oct 1965 17:50:40 -0700"
    },
    {
        "first":"Isabella",
        "last":"Humphrey",
        "email":"Praesent@sapienAeneanmassa.org",
        "address":"Ap #680-4186 Placerat, Street",
        "city":"Brighton",
        "state":"MO",
        "zip":59542,
        "birthday":"Sat, 08 Jun 1985 18:24:58 -0700"
    },
    {
        "first":"Jenette",
        "last":"Fischer",
        "email":"rutrum.non@nuncullamcorper.edu",
        "address":"367-4407 Non Avenue",
        "city":"Detroit",
        "state":"Virginia",
        "zip":99220,
        "birthday":"Thu, 23 Feb 1961 06:58:15 -0800"
    },
    {
        "first":"Hunter",
        "last":"Holt",
        "email":"venenatis.a@tinciduntnibhPhasellus.co.uk",
        "address":"2394 Dictum St.",
        "city":"Terneuzen",
        "state":"Kansas",
        "zip":84458,
        "birthday":"Thu, 14 Feb 1963 13:23:51 -0800"
    },
    {
        "first":"Lillian",
        "last":"Mcmahon",
        "email":"nulla.vulputate@Cras.ca",
        "address":"Ap #614-4181 Est Road",
        "city":"St. David\"s",
        "state":"Iowa",
        "zip":72294,
        "birthday":"Sun, 27 Nov 1966 02:19:39 -0800"
    },
    {
        "first":"Sharon",
        "last":"Lee",
        "email":"Nullam@libero.com",
        "address":"P.O. Box 392, 3428 Dolor Avenue",
        "city":"Machynlleth",
        "state":"IL",
        "zip":55094,
        "birthday":"Fri, 31 Jul 1970 12:00:43 -0700"
    },
    {
        "first":"Lael",
        "last":"Duke",
        "email":"faucibus.orci.luctus@ami.co.uk",
        "address":"P.O. Box 874, 9276 Neque. St.",
        "city":"Preston",
        "state":"MD",
        "zip":12193,
        "birthday":"Sat, 29 Sep 1973 05:33:20 -0700"
    },
    {
        "first":"Lara",
        "last":"Torres",
        "email":"diam.at.pretium@euismodindolor.co.uk",
        "address":"Ap #117-9587 Elit, Rd.",
        "city":"Vancouver",
        "state":"Utah",
        "zip":34687,
        "birthday":"Sun, 26 May 1985 08:02:44 -0700"
    },
    {
        "first":"Lane",
        "last":"Gallegos",
        "email":"lacinia.vitae.sodales@cursusdiamat.ca",
        "address":"Ap #487-7548 Risus. Rd.",
        "city":"Oban",
        "state":"California",
        "zip":6228,
        "birthday":"Thu, 06 Sep 1962 11:48:27 -0700"
    },
    {
        "first":"Abbot",
        "last":"Fowler",
        "email":"sed@tincidunt.com",
        "address":"P.O. Box 641, 1238 Faucibus Road",
        "city":"Cheltenham",
        "state":"Michigan",
        "zip":18632,
        "birthday":"Sun, 11 Aug 1968 17:24:30 -0700"
    },
    {
        "first":"Hadley",
        "last":"Watson",
        "email":"Nam@urnaet.com",
        "address":"Ap #704-1043 Phasellus Avenue",
        "city":"Lakewood",
        "state":"SC",
        "zip":29946,
        "birthday":"Sun, 07 Jun 1987 09:38:03 -0700"
    },
    {
        "first":"Damian",
        "last":"Conrad",
        "email":"Nunc@consequatauctornunc.co.uk",
        "address":"Ap #651-3625 Sed Avenue",
        "city":"Assen",
        "state":"Texas",
        "zip":4936,
        "birthday":"Thu, 21 Jun 1962 11:08:28 -0700"
    },
    {
        "first":"Zelenia",
        "last":"Cotton",
        "email":"senectus.et@metus.edu",
        "address":"293-4974 Egestas Street",
        "city":"Newcastle-upon-Tyne",
        "state":"KY",
        "zip":75515,
        "birthday":"Thu, 25 May 1978 22:12:42 -0700"
    },
    {
        "first":"Kylie",
        "last":"Manning",
        "email":"dapibus.id.blandit@pellentesqueeget.org",
        "address":"3920 Proin Ave",
        "city":"Appingedam",
        "state":"Maine",
        "zip":76784,
        "birthday":"Wed, 10 Oct 1979 00:44:49 -0700"
    },
    {
        "first":"Louis",
        "last":"Snyder",
        "email":"luctus.et@vulputatenisi.ca",
        "address":"P.O. Box 720, 175 Fusce Av.",
        "city":"Jette",
        "state":"NE",
        "zip":14508,
        "birthday":"Fri, 26 Jan 1968 10:00:10 -0800"
    },
    {
        "first":"Emerson",
        "last":"Baird",
        "email":"dui@ullamcorpernisl.net",
        "address":"P.O. Box 525, 541 Erat Road",
        "city":"Bende",
        "state":"MT",
        "zip":37212,
        "birthday":"Wed, 16 May 1979 01:08:53 -0700"
    },
    {
        "first":"Calvin",
        "last":"Thornton",
        "email":"vel.turpis.Aliquam@pedemalesuadavel.org",
        "address":"Ap #127-2554 Donec St.",
        "city":"Jedburgh",
        "state":"VT",
        "zip":49174,
        "birthday":"Sat, 13 Feb 1965 06:53:40 -0800"
    },
    {
        "first":"Leilani",
        "last":"Mccarthy",
        "email":"tortor@egetvolutpatornare.ca",
        "address":"1035 A, Av.",
        "city":"West Linton",
        "state":"Texas",
        "zip":78673,
        "birthday":"Fri, 20 Sep 1968 06:08:00 -0700"
    }
  ]
}